first_name,last_name,email,password,username
Lisa,Collins,meyerjennifer@example.com,UH48ATmQKWX_lI&z0tMqZw$%y3POenPNTV8TC(E!,kathrynrogers
David,Buckley,sean54@example.org,JyVs+4L&Z+xQVfMnyXHEd+mBa^jDxRC_OOV!Mw+I,dstevens
Anna,White,scott95@example.net,*6MZK^NvpU9@KW+cOM^P%eghCBioTC7**0LG58BS,ryangomez
Eugene,Phillips,christopheringram@example.com,II4eNwA6(5e+dO7gE5olPbcQ^i7ioTmddUp1!cTe,angelica91
Linda,Whitaker,ahamilton@example.org,)wipDyzQSJ1XhrXw33TLYp4FddFX+XBb7rMK#iIe,julie76
Douglas,Hernandez,chelseamedina@example.net,EnF7w22&O&YN)u8CAH3TI2miH6J)(Kiz@5fm4NmU,boydjill
Kristina,Wang,anthony66@example.org,2da#Z2&by%rYsNraVxyHJy&*9u&ZwxXispfHK&_p,maldonadoronnie
Jonathan,Lopez,hsmith@example.org,8%w&1Q8HI&hxAEB_Iq3K%DTdzd^n4CDIf$RJ99uS,evansjeremy
Brenda,Murphy,stacey86@example.org,sXDNg+cE$MWJFewLgTYsC&22#Sby8Vm*OgG0W5v$,donnagonzales
Mark,Anderson,jennifer24@example.net,)i!g!(IKF1B^ar6i6cCY*O&8zjt6wz^LM#al_VF5,bbrown
Jennifer,Haynes,thompsonmargaret@example.com,7zjyTywf8+o)m#F_8PEMIdmaS0ub#_fNUsuZ%N1N,josephramsey
Matthew,Morris,gbarber@example.org,QwE@yq&Neoq+m%9@s#MEuWQK4GhA5JegAQ7A8394,millerbailey
Molly,Young,xthomas@example.com,L#6x4oIuwhuB4%_QA&0LYE3vFZBib)Zv8(z$*qKM,gregglove
Amanda,Larson,petersontammy@example.net,*zDUXK6lk2#+co9C9g#0M2%1%rxXtVXQ8aMU4JSb,lepamela
Donna,Mueller,hayneslawrence@example.com,nr0LCk(pnos59x_v&l4DCCdNdSJt8y44!gU65zdz,qhunt
Ryan,Cox,vcrawford@example.net,tm3q^&aI2oeZ^1gpc+DJviBn5gcYDg#LuM!ZyPqJ,riverajessica
Dennis,Turner,crystalayala@example.com,4PqpUxTX00^S4mEi#amCqyp%ltPV^Nsa8BI6QhyK,ywu
Timothy,Graham,andreoliver@example.com,j^Oy3@pGtcHD5x$8yWbDhR!($M_HBPwQt35VFiNX,michael80
Nicole,Smith,kjones@example.net,h0WaxXzTz7d8nymNWvIf^Vxp^NW3Xx_6SS_BvZCC,johnsonjulie
Christine,Stevens,jack06@example.net,&c6MpM0t1_AEByfFWF599n+yU+a5N(CyGu#I*Fvf,vbrown
Brian,Mueller,danielgarner@example.net,Tj!engUlo_9i30wYp^T^#)L2^%JP2*mk4#dm)LM3,april98
Tonya,Meyer,zoehuerta@example.org,)ix!4caw*SG90c3c#$^##E0Aedm!5EC)Z#P96IDR,amanda63
Ashley,Malone,veronica93@example.org,e*+QDVB%$B0X7rA#_9@9uRZ7no6KVcNQQWdmBK+H,terri35
Clayton,Webb,amejia@example.com,(ipf66S(hJjup0nfo+H^U2I*_024b)zpe7@q*LhJ,henrystokes
Anthony,Khan,scott48@example.org,!7CzFYNt*27LRRqp)fyVUYOHqy17Q3LfFbkir7Ca,christinehancock
Crystal,Knight,denise85@example.com,#zUW*8mG11k7UkcxNBz5(^wwp@kVdcOT&Uf+mdkt,warrenmargaret
Lori,Peters,ruben66@example.org,cp$k0I6#YOd4*jljFqMJaoUhyMXaU1rmto@T3X+4,qjohnson
Sarah,Joseph,aliolivia@example.org,+G0rb!gy_p)T&*evNw&efis0g9Fh9Ie^cxOGNA9n,fadams
Christina,Gardner,haydenlori@example.org,^Va+j@(WnD@(btg)Fghoj86h6E2I8)0jI4w#5^Ey,klong
Amy,Simmons,colemandaniel@example.org,Id0_v$TI#3cIEYFe%AA4DuU4+D_yieU40RTBV5ob,wardjacob
Dustin,Rocha,daniel28@example.net,O8!lDh_nP52&UUU1_uO@(@0q7ZgLxLw67l)4QIye,camposkim
Jeffrey,Davis,christopher53@example.net,yQ$T2A$i5%$h199bJSOWzZODxAcCQfts!5gve4NV,amynorton
Jessica,Buck,amyhood@example.org,RM&$jTq4Y6XI*G*r6T5aC^y3ZQavT*pGx^N*Y3Bq,donald00
William,Martin,jameswilliams@example.com,lGAxC1LA(NKOpQCS8(lp9ZOE9dLPW8Nf9^QyRiO&,martinezdavid
Jane,Brown,gallaghermelanie@example.com,_Y)KnGZX&0REcDF6CI3I%2^_!O4+YJdvZ$S@WrIR,stephaniebutler
Alexander,Conner,stoutcindy@example.com,R)J$phd%M6775+Ts+96e!p%7iX31snszgaEmKjy),stephaniegriffin
Bethany,Garner,andrew60@example.org,Nx$w2xmr+OGiylvlS&b)92EH^XGj+ZB2zE*QaN56,christinewallace
James,Cummings,twaters@example.org,9lY^9L1ob+P7E0oG(8z^2yE_RiQ+@zyr9I8rm!Pa,andreastone
Jonathan,Torres,aprilclark@example.com,RCK2jwA6y8KJ%D0R*TS0DYnu^e47hwpfuS8t((F!,grahamjennifer
Robert,Smith,aclark@example.com,uAb*vo)WQWnH_FURzO@1A1#V#R5TNaTPI$1O^@Dr,howardelaine
Nathaniel,Pace,luisrichard@example.net,H$RkdqnAO$nCHwO65fjl$77BM!NaRS+Gur$51Ych,griffithmatthew
William,Jackson,cheryljones@example.org,kx5xqiOPKuTeOZ6x*&pABIy8e(IiePlDqFrkbMLc,joshua69
Larry,Smith,kwatkins@example.com,HxaQ0PuOIkp!l@B56&(M89mAAy5_kZHIze_freGu,rogerreyes
Lauren,Taylor,jennifer66@example.org,c3BWVl02D@ru5xJN$aD#usVrbsY170cp$ytspsXm,williamhoover
Brittany,Gonzales,mjohnson@example.org,Lmc7bNc*bJFe!lu5kfguuVUzsbUQv_Yy+7sg1CFT,dharvey
Aaron,Maxwell,christinadouglas@example.org,21qgOH^#0@ew4cgeXXn2vpsGVL4)G6LsV19b*Jmu,christinathompson
Linda,Brown,athomas@example.org,WP+zld)szoT$sbTd6mPHR6^rIr#o8u7Y+8JwoLo_,alexander63
Robert,Cain,esawyer@example.org,U_1s&ZHIa)rBRmK)zu@d7m+Ap#7EzyRK47WJ%hTa,johnbyrd
Amy,Reyes,rodriguezmichael@example.com,s8$ZiLDZaDZo8z3(Y0KM^Vz%Z1k)P&ry%_iUVfkQ,steven14
Erin,Lester,ericbailey@example.org,*AA1#GijMeL8ge+d4!an_)bh#xK1H24$RO7H2m(m,mpalmer
Jennifer,Mayer,pamela31@example.com,wmvUJLxK3^YjXAc#4EkSdb+K1jR99TmjJTph9KkE,david32
Karen,Chandler,psimmons@example.com,uy$9Xxu3aKg6@+qv@vvIv$3OPRNdSyX)4WC4FmUO,anthony59
Michele,Turner,victoriabuck@example.net,m!x4wamS^6G45us(T$OI5veY+q$iBz3*am4VAInJ,khernandez
Amanda,Hernandez,uroth@example.com,70NIyTMg(T41rz15zpCpwKXXptqJRc_1hH9cfmA8,paula33
Lori,Williams,fredericklogan@example.com,6I0u_R#xxT74_mtys_wYHa2oOxt7IyRaBfFd2O*t,maurice14
Brian,Fowler,marydavis@example.org,Xm+d6UBp(w@p0Q$fa)1vABKhklbaWF*ecACsu3gK,icohen
Jonathan,Solomon,waltersjohn@example.net,x_uGdK!oDJZdTCLw)p*&2JfL9P_X9Ve(Z88PK6^Y,joshua08
Michael,Mccann,rossalyssa@example.net,_i#lGE8!@BbRg^4m#6P8W#hBQcXNm)IH6bmQbdIL,billysmith
Erica,Davidson,barrywood@example.com,aN_lE3EwpZ3csX+W%5W(UhvCr8@a9rCLy3mDV&N9,lori58
Linda,Charles,robinjackson@example.com,Y_iTK4tS0xvoMXG)T*Fk(7oizN4rndGZfO8&e7A7,cherylbaker
Lisa,Flores,gavila@example.net,e9Rl1TOLU&1ed36Q_)(%tUpu^vP39QT(vzr#upkN,marksdavid
Bruce,Rhodes,madelinerobertson@example.org,V+kci4X0p%30Uo4S0_bQl$D6$v$e7z_3E3pGkUvv,joelallen
Lauren,Wagner,wthomas@example.net,Tf5vuia@)JF44$o43Dv4zbVW8Iw(l6lD0+2rkyFB,kimberlycampbell
Jennifer,Bishop,fwright@example.com,!4srG5hUxO&%Fi9sA7eh8j)H4JuRF+EcT7PKD7eY,randy59
Alexis,Miller,markbaker@example.org,l@l$CxNXQVheET@6gMK(c^hjT6@Ma@*DcFs(JkUz,douglas29
Megan,Tran,wbowman@example.org,()YI7(^6I@K%UaxlRcvEJjG3M(kWCb$eRRmlthWK,morrisjoseph
Alex,Cox,julian78@example.org,#tk)a+rD+8)1^5EuvS1U%K0Nu#_k*hgl1*t0$!nc,lisashepherd
Alison,Krueger,joyce46@example.com,802bRXF06K_JAMrHY%twg0eW%iX+BLcca)x7qro7,wwall
Ashley,Cole,bwells@example.net,g4o#nrTM4ttI3o(Xa86dC0Qx_BJ4Mt4$_bQLh2Sg,fwells
John,Wallace,zthomas@example.com,+IjjpYAh&d0BE1gm)hX*jj#i%%akLNWvn(Ofr2fZ,shannon10
Stephen,Ramirez,maypeter@example.net,Yn!isC*LadMdDeWB4*7!dnBO$2ph803zn^NHR5$q,jennifer89
Caitlin,Gonzalez,andrewpatrick@example.org,DRBjYiuwQVZIcHKz+j_iYEjmha+nNq(ldI#5$oeb,randydowns
Elizabeth,Zuniga,laurenpacheco@example.org,PKZf)_CKUHR2+7*f^i7eOjw15+oY+rqu+sj4Q@2U,yolandabradford
Savannah,Barrett,nicolebrooks@example.org,B00Kjb)X81O9)Eb_)mu2!Ntc$smPd#gCw9JNft#+,gordonstacey
Erica,Ward,vanessa27@example.net,%mxU(JchEvDDO!dt2(XN*FyfkMbBHBOcWwp_C1Fa,ryanashley
Shari,Alexander,tcastillo@example.com,MIozMPbAD+PKBQFS)s1dcY+W!@iDy)Nb5uP3EYZB,malonealexandria
Robert,Campbell,xharris@example.net,I7onZSNlD@B(ml+x^HYegHyR97JwcMja*(whva2X,lewisbarbara
Michael,Salas,zmendez@example.net,$ZY8e8MqrqPzUd5&7sI0JBWjU^1#**&VX(Ll@P%x,tina20
Pamela,Chen,graypaul@example.org,0tALWK&z8L0@1r&Bj#@*7vP*6VXXEttFj)YMU47t,ashleyhernandez
Gail,Clark,katherine52@example.net,h8S+!G9G!Qqs+)rZ#rwddqT9^*vGF81BC2&JGBXn,jeffrey61
Joshua,Carlson,zsimmons@example.com,3XkeNdrwlbc@fYFrc1ZTmIYglLnIF(5ZEy(X3*Kq,miguelgarcia
Chris,Young,suttonjames@example.com,67Arezqp#Ns$J_LHv!(g$V^boeYFEi21TMyEPrRM,jeffrey43
Shannon,Howard,hammondkendra@example.org,mS7YGpwTq#0u6FSwsW3@$^lyG&#H8DT1O!Z@3WAq,amy83
Robert,Miller,cdavila@example.com,p2DeC7L27%QAJfE_$8_nKALdXF2tS4IJvwbBNFRW,bennettcarmen
Kathleen,Ellis,annclark@example.net,)j5whgBMkDkQ51FpVeUAHg@F_Pyr3bo$C9V$CcSg,mirandaharris
Francisco,Wright,martinezlaura@example.org,lqQnw26(CvxCp1*6giXv)9AuO&0Pz_KV*A9eP1ZW,rglenn
Suzanne,Moore,deanna96@example.org,rY_3giEJ1C71NqrhtZsiL4rJLw*$4Dh!&gW3qxuB,powersjasmine
Alexandria,Schneider,rosejonathan@example.org,r1_KkU4@Z08RuTneu4N$J_GG$k(3MquqMNi*GLJ&,hillamanda
Bryan,Johnson,whitejim@example.com,+vV*CMee)^X^MkY74wmOqy_9#Hkr68s*SKSWj%la,poolecharles
Tammy,Martinez,tjackson@example.com,DUmxmeODZ2Kof1ZH^3QJGb3l!E^yT!S9@b!D2Tp2,morganrobert
Robert,Mcdaniel,aaronwalker@example.org,o!b(hqee3h!2A610wMKJGsMi*GcG5@NvIZUh10%K,qsimon
Michelle,Contreras,vsalinas@example.net,$_atqGB&42_8XUqyXn#V8(87*fGECA!aey36inOg,rstevenson
Tony,Turner,zgonzalez@example.net,tVrV(MHC__mh@)0Ok1MxJccjkQfn_Z+%5t77S!CO,luismoore
Dorothy,Gardner,lynnpennington@example.net,Tn@w!zieev@kEMQ6LrhMIZQG*lBZfCac5iIDoacN,ugilmore
Sheri,Bell,jacksonsheri@example.net,4xRpzri3SvuR0E*Fp@gdeYbMrXb5unoh+*(o%nmp,eric38
Richard,Keller,lmcintyre@example.org,X9#ZIMjIcQEjjGU00z)57uA0(2SoFjMmX3UBza2u,michael32
Andrew,Moore,gsimon@example.com,jZTOw7ZwIC7hH2yFu%6Y!Mz*eLEajV5qOn8_o2Vw,jessicaalvarado
Mathew,Foster,thomasalexander@example.org,y5b6yixEm9yJrDGm*5a^+lowe$yOuMMSHzwH&S^U,kingkelly
Julie,Mcgee,bfoster@example.org,&0zb7yqphiWPGPoniOgzXVH5a#KX_Ed9WFC%7jVr,wilsonsharon
Thomas,Cox,ravenrivera@example.net,)53hhC0!MKG41mpT#QecXqQFoYWsE24Az6sKKbo7,pmartin
